ID,Date,Time,State,Intensity,Injuries,Fatalities
38F2RH24,1/3/1950,10:50:00,MO,2,1,0
BC2851D5,1/3/1950,11:00:00,MO,3,3,0
3BA58D81,1/3/1950,11:55:00,IL,3,3,0
065476FF,1/3/1950,16:00:00,OH,1,1,0
06001357,1/13/1950,5:25:00,AR,3,1,1
F8173EB5,1/25/1950,19:30:00,MO,2,5,0
732F3F6E,1/25/1950,21:00:00,IL,2,0,0
5F3945BC,1/26/1950,18:00:00,TX,2,2,0
B9135BF3,2/11/1950,13:10:00,TX,2,0,0
FEECB408,2/11/1950,13:50:00,TX,3,12,1
ADD09BD5,2/11/1950,21:00:00,TX,2,5,0
76879E20,2/11/1950,23:55:00,TX,2,6,0
C164A963,2/12/1950,0:30:00,TX,2,8,1
D2F65F2F,2/12/1950,1:15:00,TX,1,0,0
A4C138E6,2/12/1950,6:10:00,TX,2,0,0
B5DCCFC5,2/12/1950,11:57:00,TX,1,32,0
21F09304,2/12/1950,12:00:00,MS,2,2,3
B5766331,2/12/1950,12:00:00,MS,1,0,0
27A44A57,2/12/1950,12:00:00,TX,3,15,3
30B27F39,2/12/1950,12:30:00,AR,2,0,0
D3DD8F37,2/12/1950,13:00:00,LA,4,77,18
7D0BA9F1,2/12/1950,13:20:00,LA,2,10,5
1061D6C5,2/12/1950,14:00:00,LA,3,25,5
146D59D0,2/12/1950,15:00:00,AR,2,0,0
BFA5CCAD,2/12/1950,23:00:00,LA,1,0,0
5A6580BB,2/13/1950,1:00:00,TN,1,8,0
6503B8C9,2/13/1950,2:00:00,TN,2,1,9
1E1C208D,2/27/1950,10:20:00,OK,2,0,0
EEB1DDF6,3/1/1950,2:30:00,MS,1,0,0
2B5C87B4,3/16/1950,9:15:00,FL,2,0,0
D640715D,3/19/1950,7:30:00,LA,1,2,0
DDA0FB04,3/19/1950,13:15:00,LA,2,0,0
24AE337E,3/19/1950,13:15:00,LA,0,0,0
A5CAF01A,3/26/1950,19:30:00,AR,2,3,0
349DCAD3,3/26/1950,19:31:00,AR,3,1,0
0B3F1F29,3/26/1950,20:30:00,AR,2,7,0
EF256611,3/26/1950,21:15:00,AR,3,20,0
B4BE0AB1,3/26/1950,23:30:00,AR,2,2,0
09554B0E,3/27/1950,3:00:00,OK,2,0,0
19C6C805,3/27/1950,5:00:00,MS,2,2,1
C129519C,3/27/1950,6:00:00,LA,1,2,0
5BDB2621,3/27/1950,7:30:00,MS,2,0,0
3B64764B,3/27/1950,7:45:00,MS,2,7,0
7CD97C12,3/27/1950,7:45:00,MS,2,6,0
E014FF7F,3/27/1950,8:30:00,LA,1,0,0
5611BDDC,3/27/1950,8:45:00,MS,2,0,0
8C72E1E4,3/27/1950,11:00:00,MS,1,2,0
D000A31B,3/27/1950,15:00:00,TN,1,0,0
BDB160A0,3/27/1950,16:30:00,IL,2,0,0
6DF4F843,4/2/1950,15:30:00,AR,3,8,1
C4781564,4/2/1950,18:00:00,OK,2,0,0
28906DD4,4/2/1950,18:00:00,AR,1,0,0
DB46D8F2,4/3/1950,16:15:00,OK,1,0,0
3F5675E1,4/18/1950,1:30:00,AL,3,15,0
964B3EC9,4/18/1950,1:45:00,AL,2,0,0
61910B59,4/24/1950,7:45:00,LA,1,0,0
786598EC,4/27/1950,16:00:00,SC,1,0,0
AAFC6E6A,4/28/1950,14:17:00,OK,3,1,1
A286B47F,4/28/1950,17:00:00,KS,1,0,0
1E283063,4/28/1950,18:00:00,TX,4,5,5
1F6EC897,4/28/1950,19:05:00,OK,4,32,5
C68D209F,4/28/1950,19:30:00,OK,2,0,0
816946D1,4/29/1950,12:00:00,MS,2,0,0
943CED5B,4/29/1950,15:30:00,TX,1,0,0
9928827A,5/1/1950,1:00:00,LA,1,0,0
7C099042,5/1/1950,5:00:00,MS,1,0,0
679F63CB,5/1/1950,9:00:00,MS,1,0,0
EE4FD52E,5/1/1950,10:30:00,LA,1,0,0
EFE69C7D,5/1/1950,11:25:00,LA,2,7,0
5D7194CA,5/1/1950,11:30:00,LA,1,2,0
CD1E0957,5/1/1950,11:30:00,LA,0,0,0
38C1732D,5/2/1950,2:00:00,LA,1,1,0
F2124424,5/2/1950,3:00:00,LA,2,5,1
6A6B3790,5/4/1950,20:00:00,KS,1,0,0
7879873D,5/4/1950,20:30:00,TX,2,13,1
5C011278,5/4/1950,21:00:00,IA,1,0,0
131A684B,5/4/1950,21:30:00,OK,2,0,0
A70762FF,5/4/1950,21:30:00,OK,1,0,0
746211C4,5/4/1950,21:45:00,OK,2,0,0
9A5DD383,5/4/1950,23:10:00,KS,4,1,0
A116F440,5/5/1950,3:30:00,KS,3,12,0
6BFDDF40,5/7/1950,18:30:00,OK,1,0,0
C03024FB,5/7/1950,23:00:00,OK,2,3,0
657413C2,5/7/1950,23:00:00,OK,1,0,0
04A8D8CE,5/8/1950,4:30:00,SD,1,0,0
49FAA41E,5/8/1950,13:00:00,FL,1,0,0
FFAAB613,5/8/1950,18:30:00,KS,2,0,0
247122C8,5/8/1950,19:00:00,KS,2,1,0
27E0E8A6,5/8/1950,19:20:00,IA,2,0,0
32D673AD,5/8/1950,19:30:00,KS,2,2,0
097136EB,5/8/1950,21:17:00,KS,1,1,0
B1A74A61,5/8/1950,21:30:00,KS,1,0,0
30378116,5/8/1950,22:10:00,NE,2,1,0
5CD4CB57,5/9/1950,0:01:00,KS,1,0,0
F6B3678D,5/9/1950,20:20:00,OK,1,0,0
EB2C22C0,5/10/1950,13:00:00,WY,2,0,0
6EDF0624,5/11/1950,18:30:00,OK,1,0,0
FD4121F3,5/12/1950,14:00:00,NC,1,0,0
4220FA3E,5/12/1950,17:00:00,NC,1,0,0
AF7B3C3F,5/12/1950,17:00:00,NC,0,0,0
C9FB2B54,5/13/1950,11:30:00,LA,1,0,0
890574D1,5/14/1950,16:00:00,TX,1,0,0
973B03BD,5/14/1950,17:00:00,NC,1,0,0
04571222,5/14/1950,17:30:00,NC,2,5,0
E887105E,5/15/1950,0:01:00,TX,2,0,0
A3142863,5/15/1950,11:00:00,FL,1,0,0
2E713F75,5/15/1950,11:00:00,FL,2,0,0
F362547E,5/16/1950,18:00:00,KS,2,0,0
19F42996,5/16/1950,19:30:00,OK,1,1,0
41BF354A,5/18/1950,15:15:00,NE,1,0,0
F5B521E3,5/18/1950,19:00:00,KS,3,2,0
DD2B7C95,5/18/1950,19:00:00,KS,0,0,0
49CBFB68,5/19/1950,1:30:00,KS,0,0,0
DD56A74A,5/22/1950,12:39:00,OK,1,0,0
506CBA3B,5/23/1950,18:00:00,KS,0,0,0
A0A4B45E,5/24/1950,13:30:00,KS,2,1,0
4EDEA4A6,5/24/1950,17:30:00,KS,1,0,0
ABA86BA9,5/24/1950,21:30:00,OK,2,2,0
ECEF6591,5/25/1950,16:30:00,TX,1,0,0
FA420BF6,5/29/1950,14:48:00,OK,1,0,0
8CC83909,5/29/1950,17:00:00,TX,1,0,0
053B6FCB,5/29/1950,23:00:00,LA,1,13,0
08F65174,5/29/1950,23:00:00,LA,1,0,0
EB380171,5/30/1950,14:00:00,GA,1,0,0
2DD6EC57,5/31/1950,15:30:00,NC,1,0,0
12600F80,6/3/1950,1:00:00,MS,3,1,2
81AACD60,6/4/1950,6:00:00,GA,0,0,0
CE945655,6/4/1950,8:00:00,GA,1,1,0
329C0B99,6/5/1950,15:55:00,TX,3,6,0
C76FD3DB,6/5/1950,16:00:00,TX,1,2,0
373C6EC9,6/7/1950,15:30:00,WY,1,0,0
FF2B372C,6/7/1950,17:30:00,GA,1,0,0
33B1C8D2,6/8/1950,20:10:00,KS,4,5,1
08D681E5,6/9/1950,13:00:00,MO,1,0,0
9F2902F0,6/9/1950,18:25:00,OK,1,0,0
9692B01E,6/13/1950,3:00:00,IL,1,0,0
F97FD42D,6/13/1950,11:05:00,ND,3,0,0
88BE77B6,6/13/1950,17:30:00,NE,2,101,0
DBA05068,6/14/1950,16:00:00,WY,1,0,0
DAA675B9,6/14/1950,17:00:00,ND,3,0,0
FD08C860,6/15/1950,1:00:00,MO,1,0,0
917A5CB7,6/15/1950,16:42:00,MN,2,4,0
51ADAB5F,6/15/1950,20:00:00,IA,3,5,0
644DF9B7,6/16/1950,15:30:00,KS,1,0,0
7C0A62CB,6/19/1950,20:40:00,TX,0,0,0
79061F48,6/22/1950,21:00:00,NE,0,0,0
831156A1,6/25/1950,18:45:00,KS,0,0,0
E77ED2B9,6/25/1950,19:20:00,WI,1,0,0
09FA90E5,6/25/1950,20:30:00,WI,2,0,0
EB3943D1,6/25/1950,21:00:00,WI,2,0,1
E3F3B6F4,6/25/1950,21:00:00,WI,4,12,2
C9B571B3,6/25/1950,21:00:00,KS,0,0,0
6EAB475B,6/25/1950,23:30:00,WI,3,0,0
918481F6,7/1/1950,12:00:00,KS,2,0,0
7FDC5535,7/1/1950,12:00:00,KS,1,1,0
615E2904,7/1/1950,20:00:00,IA,2,0,0
329F2FD0,7/2/1950,19:00:00,KS,2,0,0
E054B3E8,7/3/1950,18:20:00,IN,0,0,0
8496B110,7/5/1950,18:00:00,PA,2,2,0
CDE883BD,7/5/1950,18:30:00,PA,2,0,0
705920B8,7/8/1950,22:45:00,KS,1,0,0
FB7515EB,7/11/1950,17:00:00,NM,1,0,0
34EEE363,7/12/1950,16:00:00,CT,2,0,0
D57EE95C,7/14/1950,6:30:00,CT,2,3,0
6130696F,7/15/1950,17:30:00,NE,4,33,0
B40AD2F6,7/16/1950,22:15:00,IL,1,0,0
5870108E,7/18/1950,16:30:00,KS,1,0,0
1A9C983E,7/19/1950,14:30:00,IN,1,0,0
A373ECB4,7/19/1950,15:15:00,OH,2,0,0
9C03E476,7/19/1950,15:15:00,OH,3,30,0
F88EABAA,7/19/1950,16:00:00,MO,1,0,0
48FBE8E7,7/19/1950,17:45:00,IN,2,0,0
66E609BF,7/22/1950,15:07:00,CO,0,0,0
0C134009,7/24/1950,14:40:00,PA,0,0,0
1EE887AF,7/26/1950,15:30:00,NC,1,0,0
8E96E5BD,7/27/1950,16:20:00,NC,1,0,0
83DB585E,8/2/1950,12:30:00,NM,1,0,0
C294572E,8/5/1950,17:30:00,CO,2,1,0
5384BB6E,8/6/1950,15:00:00,KS,1,0,0
D2B431E4,8/6/1950,18:00:00,KS,2,0,0
00863305,8/6/1950,18:30:00,KS,2,0,0
72EFE3FC,8/8/1950,1:00:00,MO,1,0,0
CD3D5322,8/9/1950,16:55:00,WV,1,0,0
A23A3F24,8/11/1950,17:00:00,MD,1,0,0
AF39112E,8/24/1950,3:45:00,AR,2,7,0
365C091A,8/28/1950,14:50:00,KS,1,0,0
A1BCD385,8/29/1950,16:00:00,PA,1,0,0
B5C2D497,8/30/1950,16:00:00,FL,1,0,0
5FA9B072,8/31/1950,0:02:00,FL,0,0,0
5011BFD3,9/15/1950,17:45:00,OK,2,6,0
C5B98C38,9/16/1950,1:30:00,OK,0,0,0
4B28E57A,9/21/1950,17:30:00,NE,1,0,0
947F1204,10/1/1950,21:00:00,OK,1,0,0
205196EE,10/9/1950,2:15:00,NC,3,3,0
5958B892,11/4/1950,17:00:00,PA,3,1,0
498AB659,11/20/1950,2:20:00,KY,2,0,0
CDB442F1,11/20/1950,4:00:00,KY,1,0,0
72D1BF9B,11/20/1950,7:30:00,MS,1,3,0
8FE375DA,12/2/1950,15:00:00,IL,2,3,1
4BFA55EC,12/2/1950,16:00:00,IL,3,25,2
3F99F696,12/2/1950,16:25:00,AR,3,0,0
8E6F6DF4,12/2/1950,17:30:00,IL,1,0,0
7D3781C8,1/6/1951,17:30:00,LA,3,11,0
3C56617D,1/11/1951,10:25:00,CA,2,0,0
3D80F2CD,2/1/1951,13:00:00,VA,1,0,0
8D3D86AB,2/6/1951,15:50:00,LA,1,0,0
369DCFBB,2/6/1951,17:00:00,LA,1,0,0
1D051C18,2/19/1951,18:30:00,OK,2,5,0
B657493B,2/19/1951,22:00:00,OK,0,0,0
8D4A9D13,2/20/1951,9:15:00,AR,2,3,0
FFF0E999,2/20/1951,15:00:00,MS,3,1,1
FD8BD576,2/20/1951,15:00:00,MS,1,0,0
E0C260EA,2/20/1951,16:00:00,AL,2,2,0
3BB842C6,2/20/1951,18:00:00,KY,2,0,0
B13D23BF,3/2/1951,16:00:00,KS,3,0,0
DB3C9FFA,3/2/1951,20:30:00,KS,0,0,0
9B7FD2E4,3/12/1951,17:00:00,FL,2,0,0
14FDA4F9,3/28/1951,5:10:00,TX,1,0,0
1C449E0C,3/29/1951,18:30:00,IN,2,2,0
5C74574E,3/30/1951,15:00:00,PA,1,0,0
1617139E,4/5/1951,13:20:00,OK,2,0,0
766F7AD7,4/5/1951,13:22:00,OK,2,2,0
FC9117AE,4/5/1951,16:45:00,OK,2,2,0
EA22F72A,4/20/1951,15:10:00,TX,2,0,0
0D25ED0A,4/20/1951,15:30:00,KS,0,0,0
46674626,4/21/1951,12:00:00,MS,1,0,0
E7FD9020,4/21/1951,14:00:00,LA,0,2,0
A8984166,4/21/1951,14:00:00,LA,0,1,0
44D1CA3F,4/21/1951,19:25:00,MS,3,16,2
89A3DEED,4/24/1951,17:30:00,OK,0,0,0
C8E1BBCE,4/24/1951,18:03:00,OK,1,0,0
35CEB4A3,4/24/1951,21:00:00,OK,1,0,0
F327CFFE,4/26/1951,18:10:00,KS,0,0,0
B5BD538D,4/26/1951,18:15:00,KS,1,0,0
A649449F,4/26/1951,19:15:00,KS,0,0,0
E0AED2C4,4/26/1951,19:15:00,OK,1,0,0
7B75C964,4/26/1951,19:30:00,KS,1,0,0
F1C617CF,4/27/1951,14:20:00,OK,1,2,0
E1E0DCD7,4/28/1951,20:55:00,OH,2,5,0
4204B817,4/29/1951,18:15:00,NJ,1,2,0
32E5E211,4/30/1951,5:30:00,KS,3,0,0
BF738160,4/30/1951,9:00:00,NE,1,0,0
9E832292,4/30/1951,20:30:00,OK,1,0,0
BD22007A,4/30/1951,21:30:00,OK,3,0,0
E5E72EFF,4/30/1951,21:30:00,OK,2,0,0
B8679868,4/30/1951,23:45:00,KS,0,0,0
B58F5183,5/2/1951,19:30:00,KS,1,0,0
7365FF38,5/2/1951,20:30:00,KS,1,0,0
7D2D0A8C,5/3/1951,13:35:00,MI,2,0,0
24763456,5/8/1951,18:00:00,KS,1,0,0
7C73C568,5/9/1951,7:00:00,KS,1,0,0
A3264413,5/9/1951,17:00:00,TX,2,0,0
704F3EEF,5/9/1951,18:30:00,OK,1,0,0
2EFF6C11,5/9/1951,20:20:00,OK,2,1,0
9F164CFF,5/9/1951,21:00:00,KS,0,0,0
3FB17410,5/11/1951,13:30:00,PA,2,1,0
AB54FF5B,5/11/1951,15:00:00,VA,1,0,0
6AB952FC,5/13/1951,19:00:00,NE,0,0,0
7F044B28,5/13/1951,22:00:00,KS,1,0,0
CD666D6D,5/14/1951,17:30:00,KS,2,0,0
2BB4B457,5/14/1951,18:00:00,OK,2,0,0
24830803,5/14/1951,18:00:00,OK,2,0,0
DA94AC34,5/14/1951,18:30:00,KS,2,0,0
3219BF2F,5/14/1951,19:30:00,KS,3,4,0
E0929504,5/15/1951,18:30:00,TX,1,0,0
BF1B14DC,5/16/1951,10:00:00,OK,0,0,0
FA65A50F,5/17/1951,18:35:00,CO,0,0,0
37437006,5/18/1951,15:45:00,TX,4,100,2
49481276,5/18/1951,17:30:00,OK,1,0,0
F2D31AA6,5/18/1951,17:30:00,OK,1,0,0
46E0487C,5/18/1951,17:30:00,OK,1,0,0
F0AF14F2,5/19/1951,19:15:00,OK,1,0,0
E47E10A6,5/19/1951,19:30:00,OK,2,0,0
559AD2BF,5/19/1951,20:12:00,OK,0,0,0
F2ABE7D5,5/20/1951,14:00:00,CO,0,0,0
17A83656,5/20/1951,15:00:00,CO,1,0,0
C163F2EF,5/20/1951,15:00:00,CO,0,0,0
00FC5B73,5/20/1951,19:00:00,KS,3,0,0
5A3B4658,5/20/1951,19:00:00,KS,2,0,0
AFDD07FF,5/20/1951,19:00:00,KS,3,0,0
6BCD7501,5/21/1951,1:00:00,KS,2,0,0
84E3D6F5,5/21/1951,19:00:00,KS,1,0,0
D3DD9B6A,5/23/1951,4:23:00,GA,1,0,0
F8716E90,5/23/1951,15:30:00,GA,2,0,0
FB4156D2,5/24/1951,17:00:00,TX,1,0,1
974C5A9C,5/25/1951,14:30:00,KS,1,0,0
EEFD6537,5/25/1951,16:00:00,KS,3,0,1
C0FC57A6,5/25/1951,18:00:00,KS,2,0,0
4442D598,5/25/1951,21:00:00,MO,1,0,0
1A2C2C82,5/26/1951,9:30:00,FL,1,0,3
8C770AF1,5/26/1951,12:30:00,FL,1,0,0
B7695DB3,5/30/1951,14:34:00,NE,2,7,0
0A5FF701,5/30/1951,18:20:00,NE,1,0,0
223A52AC,5/30/1951,20:00:00,KS,1,0,0
CD314F99,5/30/1951,22:50:00,KS,1,0,0
28F8C0D3,5/30/1951,22:50:00,KS,0,0,0
98CEA416,5/30/1951,22:50:00,KS,1,0,0
A267707F,5/30/1951,22:50:00,KS,0,0,0
8F6194B8,5/30/1951,22:50:00,KS,0,0,0
FDD7AC8B,5/30/1951,22:50:00,KS,0,0,0
56A29327,5/30/1951,22:50:00,KS,0,0,0
4123F6AD,5/31/1951,16:00:00,TX,1,0,0
1625EB9B,5/31/1951,23:45:00,KS,2,0,0
6C0ACDF0,6/1/1951,18:00:00,MI,1,1,0
C2E6022C,6/1/1951,20:00:00,KS,1,0,0
A5CDA06D,6/1/1951,21:15:00,IA,3,7,0
825EFA4F,6/5/1951,15:30:00,NM,0,0,0
FBA53A14,6/5/1951,18:00:00,OK,2,0,0
C41F41E7,6/6/1951,13:30:00,CO,2,1,0
3DDE431C,6/6/1951,16:30:00,KS,2,3,0
F6F3AAD9,6/6/1951,18:00:00,KS,1,0,0
FB85A5BB,6/6/1951,18:20:00,TX,1,0,0
5E0D0FE5,6/6/1951,18:50:00,TX,0,0,0
12B5EBA4,6/6/1951,19:30:00,KS,3,3,0
9DE8B0D8,6/6/1951,19:30:00,KS,0,0,0
7313EA2F,6/6/1951,19:30:00,KS,0,0,0
AFA3C16E,6/6/1951,19:30:00,KS,1,0,0
CA1A4DA6,6/6/1951,19:30:00,KS,1,0,0
46F5D9B7,6/6/1951,20:00:00,KS,1,0,0
F2B8DCC8,6/6/1951,20:06:00,TX,3,12,0
92953D4B,6/6/1951,20:40:00,TX,0,0,0
54C58242,6/6/1951,20:50:00,TX,2,0,0
03833059,6/6/1951,21:30:00,OK,0,0,0
620A75A7,6/6/1951,22:00:00,KS,1,0,0
54EDC764,6/6/1951,23:50:00,OK,2,0,0
1F9E1588,6/7/1951,17:00:00,OK,2,0,0
F737EF83,6/7/1951,18:15:00,OK,1,1,0
0FE6456E,6/7/1951,22:55:00,OK,2,1,0
CC8F99F9,6/8/1951,9:00:00,AL,2,2,0
D572662C,6/8/1951,13:30:00,KS,1,0,0
8F85444C,6/8/1951,17:00:00,KS,2,0,0
D5F43BAA,6/8/1951,17:45:00,MO,1,0,0
739750BD,6/8/1951,18:30:00,OK,3,0,0
E05152F8,6/8/1951,19:14:00,OK,1,0,0
77D6DFC3,6/8/1951,19:15:00,OK,1,0,0
164BBE14,6/9/1951,5:30:00,MS,0,0,0
53F3239F,6/9/1951,17:00:00,NC,1,0,0
E2DA39CD,6/13/1951,15:05:00,VA,2,12,0
EB535B4E,6/13/1951,15:30:00,NC,1,0,0
B7350F2C,6/14/1951,11:30:00,ND,0,0,0
47B6F0EA,6/14/1951,21:00:00,CO,1,0,0
531E46D4,6/15/1951,19:15:00,KS,0,0,0
785668CE,6/15/1951,22:20:00,TX,1,6,0
0641034E,6/16/1951,0:30:00,TX,2,0,0
7AF71823,6/17/1951,15:00:00,KS,0,0,0
39ED11DA,6/17/1951,22:00:00,KS,0,0,0
E50ED704,6/17/1951,22:30:00,KS,0,0,0
99310979,6/17/1951,23:00:00,KS,0,0,0
2B34235D,6/18/1951,18:00:00,CO,2,0,0
DAA68CC9,6/19/1951,16:00:00,IA,1,0,0
A7EA63A4,6/19/1951,17:30:00,MN,4,20,1
D8697F2E,6/19/1951,17:45:00,NE,1,0,0
57A1440F,6/19/1951,18:00:00,KS,0,0,0
B0EC4323,6/19/1951,20:50:00,WI,2,0,0
51B95D0F,6/20/1951,22:00:00,KS,2,0,0
DBE858B9,6/20/1951,22:00:00,KS,1,0,0
74CF9AD9,6/20/1951,23:20:00,OK,1,0,0
C2CBE826,6/21/1951,1:00:00,KS,1,0,0
5AB41584,6/21/1951,17:00:00,OK,1,0,0
A8FA17B9,6/21/1951,19:50:00,IN,3,4,0
3D8853D6,6/21/1951,23:00:00,KS,2,0,0
BF3D34D6,6/22/1951,2:00:00,KS,0,0,0
FECC25AB,6/22/1951,15:30:00,OH,2,0,0
AC271023,6/23/1951,22:00:00,KS,2,5,1
69DF9066,6/23/1951,22:00:00,KS,1,0,1
C20D16A5,6/24/1951,14:00:00,SC,1,0,0
38F37E4C,6/25/1951,15:00:00,MN,2,0,0
801300D8,6/25/1951,15:30:00,NE,2,1,0
6CCA2279,6/25/1951,17:07:00,IA,2,8,0
DF902E12,6/25/1951,17:45:00,CO,1,1,0
78434C05,6/26/1951,14:45:00,WV,1,1,0
AF48F8B0,6/26/1951,18:00:00,MI,1,0,0
57C015B6,6/27/1951,0:10:00,KS,4,100,5
CBB69E36,6/27/1951,1:00:00,KS,1,0,0
5D2CA906,6/27/1951,6:00:00,OH,1,0,0
242D8CDA,6/27/1951,15:00:00,VA,1,0,0
AB360AC9,6/27/1951,19:30:00,IL,3,35,0
095B28E1,6/27/1951,20:45:00,IL,3,15,1
A81D1FB9,6/27/1951,22:04:00,PA,2,0,0
67916032,7/2/1951,0:15:00,TX,2,0,0
29F76271,7/3/1951,20:00:00,WI,2,0,0
0FE79EFF,7/4/1951,1:00:00,MO,2,1,0
8640FC9A,7/4/1951,21:00:00,KS,0,0,0
A39DF96E,7/6/1951,11:00:00,NC,1,0,0
BCAB368F,7/7/1951,17:30:00,NE,0,0,0
BEA89ED3,7/7/1951,18:00:00,KS,2,0,0
944D725F,7/8/1951,20:00:00,SD,2,1,0
9E16E984,7/8/1951,20:15:00,MO,2,0,0
120E261D,7/9/1951,1:00:00,IN,2,0,0
466AA1FA,7/9/1951,23:45:00,MO,1,0,0
427C8A92,7/13/1951,20:00:00,NE,0,0,0
82294292,7/15/1951,16:20:00,OK,2,0,0
EFAAEED7,7/15/1951,16:20:00,OK,0,0,0
6B3A5BDE,7/15/1951,16:20:00,OK,0,0,0
C024E993,7/17/1951,17:45:00,IA,1,2,0
5F435D8E,7/20/1951,18:15:00,SD,2,4,0
161BD7C1,7/20/1951,21:00:00,MN,3,40,5
A1626909,7/21/1951,11:00:00,PA,0,0,0
38975FD9,7/21/1951,22:00:00,MI,2,0,0
B7AEF185,7/22/1951,0:50:00,KS,2,0,0
331EEBF7,7/22/1951,15:20:00,FL,2,0,0
12004CF7,7/27/1951,15:30:00,OK,1,0,0
F62C4DE1,8/6/1951,15:00:00,KS,0,0,0
56E77A33,8/7/1951,17:00:00,KS,1,0,0
9B070536,8/7/1951,21:30:00,KS,0,0,0
04CABFFF,8/8/1951,15:00:00,NE,1,0,0
F3AAD53D,8/9/1951,11:00:00,NC,2,0,0
ECE6EC92,8/10/1951,13:57:00,OK,1,2,0
6A53A5AA,8/10/1951,15:30:00,NM,0,0,0
85E34F97,8/10/1951,18:30:00,KS,1,0,0
7F73DB69,8/13/1951,2:30:00,KS,1,0,0
98E2C154,8/13/1951,2:30:00,KS,1,0,0
3F79A34E,8/14/1951,15:00:00,ND,1,0,0
5FCD4B9C,8/15/1951,14:00:00,MI,1,0,0
D71ADDB9,8/15/1951,14:00:00,MI,1,0,0
A3334757,8/15/1951,14:30:00,MI,2,0,0
F426A24B,8/20/1951,15:30:00,CT,2,0,0
AAE4040D,8/21/1951,14:00:00,MA,2,0,0
0D56910F,8/21/1951,14:00:00,NH,2,0,0
235F4C07,8/21/1951,16:15:00,CT,2,9,0
9C895ECE,8/21/1951,16:30:00,CT,3,8,0
44EA599D,8/22/1951,15:00:00,LA,1,0,0
1F7357F9,8/23/1951,21:30:00,KS,0,0,0
34861217,8/24/1951,7:30:00,KS,0,0,0
9A68C898,8/24/1951,17:30:00,KS,2,0,0
7C8D9A60,8/26/1951,23:59:00,IA,1,0,0
DAB181A0,8/31/1951,15:50:00,OK,1,0,0
A7A19797,8/31/1951,16:20:00,KS,1,0,0
C113EB81,8/31/1951,16:20:00,KS,1,0,0
1DF5B1BB,9/2/1951,16:15:00,LA,1,0,0
15395E6D,9/9/1951,9:15:00,MS,2,0,0
D85B2B8C,9/9/1951,16:20:00,OK,2,0,0
5E74AD64,9/12/1951,11:30:00,WI,3,1,0
D6BCA489,9/23/1951,21:30:00,KS,0,0,0
C98F222A,9/26/1951,15:45:00,WI,4,3,6
666C5652,9/26/1951,16:30:00,WI,4,9,1
7CCF548A,9/26/1951,21:00:00,MI,2,3,1
98E76399,9/27/1951,10:30:00,LA,2,0,0
D6B0960C,10/21/1951,20:30:00,OK,1,0,0
1AC60E9A,10/23/1951,3:00:00,AR,2,4,0
D7F8E557,11/1/1951,6:40:00,VA,1,0,0
3DB9E5F6,11/1/1951,7:00:00,LA,1,0,0
82469BFD,11/13/1951,13:15:00,IL,2,0,0
2CF84053,11/13/1951,13:30:00,MO,3,1,0
D00E4B93,11/13/1951,14:50:00,IL,2,7,0
2A8099E0,11/13/1951,16:00:00,IN,2,0,0
5D947FBE,11/13/1951,17:50:00,KY,3,11,1
7293A3D8,11/14/1951,22:00:00,TN,2,0,0
1AF654B6,11/15/1951,15:00:00,AL,2,2,0
22A92265,11/15/1951,20:00:00,AL,2,6,0
D90F1AC6,11/16/1951,1:00:00,AL,2,1,0
BF7FE32F,11/16/1951,6:55:00,GA,1,0,0
15387A72,12/4/1951,11:25:00,FL,1,0,0
C3C466E1,12/6/1951,17:40:00,OR,1,0,0
A5C5C6D3,12/6/1951,18:00:00,IL,3,1,1
E3801155,12/8/1951,17:30:00,MS,0,0,0
59F27DE1,12/18/1951,13:30:00,FL,1,0,0
614BF03C,12/18/1951,17:00:00,MA,2,0,0
FF071EDB,12/18/1951,17:45:00,FL,2,0,0
3E5F708E,12/18/1951,18:00:00,FL,1,0,0
B8F6D19F,12/18/1951,18:30:00,FL,2,0,0
1744976A,12/20/1951,15:15:00,MS,1,0,0
19EB9287,1/17/1952,19:34:00,PA,2,0,0
D98089B7,1/22/1952,7:00:00,GA,2,8,0
B95DD3C2,1/22/1952,9:00:00,AL,1,0,0
F418857E,1/26/1952,15:30:00,AR,1,0,0
43AFC9F6,1/26/1952,16:00:00,AR,1,0,0
52C890C0,1/28/1952,3:40:00,GA,1,0,0
9613D956,1/28/1952,5:30:00,FL,1,3,0
0B428077,1/28/1952,6:00:00,GA,1,1,0
AB08D574,1/28/1952,6:30:00,GA,2,0,0
AA211D83,1/28/1952,6:45:00,FL,2,0,0
092E07A7,1/28/1952,7:10:00,GA,1,2,0
1BA48AB1,1/28/1952,7:30:00,GA,1,1,0
6BDC3224,2/1/1952,15:00:00,TX,2,0,0
300A30B2,2/13/1952,4:00:00,LA,0,0,0
4A100052,2/13/1952,16:30:00,AR,2,5,0
35A3D0D3,2/13/1952,17:00:00,TN,2,0,0
38059C67,2/13/1952,17:10:00,MO,2,0,0
68F68A78,2/13/1952,19:30:00,MS,0,0,0
59AC5A9C,2/13/1952,19:45:00,TN,1,0,0
7663E92E,2/13/1952,20:00:00,AL,3,14,1
E314B0CA,2/13/1952,20:30:00,AL,1,6,0
B66C5230,2/13/1952,21:00:00,TN,1,0,0
1769ED94,2/13/1952,21:30:00,AL,3,26,1
7EBB60F4,2/13/1952,22:00:00,MS,1,1,0
2A2C609B,2/13/1952,22:00:00,TN,3,2,0
FC240B3D,2/13/1952,22:30:00,MS,1,2,0
A077EC79,2/13/1952,22:30:00,TN,4,44,3
C5BB9B85,2/13/1952,23:00:00,TN,3,2,0
4C6E3296,2/19/1952,9:00:00,LA,2,5,0
449FDC84,2/20/1952,9:10:00,FL,2,4,0
2A9ACE97,2/26/1952,10:20:00,FL,1,0,0
47E60184,2/29/1952,16:00:00,TN,1,166,3
6B9B5617,2/29/1952,16:30:00,TN,4,150,2
9DF527AB,2/29/1952,16:40:00,TN,2,0,0
E2BC0CBA,2/29/1952,17:00:00,AL,3,12,0
5D687DE0,2/29/1952,17:30:00,TN,2,0,0
37D5866D,2/29/1952,19:00:00,GA,2,0,0
04C26CEE,2/29/1952,19:30:00,GA,2,3,0
56C6A86B,2/29/1952,20:15:00,GA,2,5,0
B2FB4D7D,3/2/1952,22:00:00,TX,0,0,0
1CA9BC2E,3/3/1952,5:45:00,AR,1,0,0
388B8506,3/3/1952,13:10:00,AL,3,6,0
999A8985,3/3/1952,20:11:00,GA,3,4,0
7A3A1D26,3/10/1952,8:30:00,LA,3,0,0
00CEAF82,3/13/1952,14:20:00,GA,1,0,0
C1F62529,3/17/1952,19:30:00,TX,1,0,0
9F20A716,3/17/1952,20:00:00,TX,0,0,0
E7927834,3/18/1952,17:25:00,MO,2,1,0
AD412CF6,3/18/1952,18:07:00,IL,1,1,0
48A0B65C,3/18/1952,18:21:00,IL,2,0,0
45CA01A1,3/18/1952,18:30:00,MO,2,0,0
FD218765,3/21/1952,14:40:00,AR,4,9,7
1BA8344A,3/21/1952,16:00:00,AR,3,0,0
938D7C31,3/21/1952,16:50:00,AR,4,325,50
22036E37,3/21/1952,17:00:00,AR,2,6,0
731B1ED0,3/21/1952,17:00:00,AR,4,6,2
3F2AEE85,3/21/1952,17:00:00,AR,3,9,9
345C0AF7,3/21/1952,17:20:00,AR,2,15,5
6768313F,3/21/1952,17:20:00,AR,0,5,1
47941CAF,3/21/1952,17:30:00,AR,3,0,0
56226DE1,3/21/1952,17:30:00,AR,4,180,29
EACB0E78,3/21/1952,17:40:00,AR,3,6,0
3ABD6878,3/21/1952,18:00:00,TN,4,10,2
20CA17AA,3/21/1952,18:00:00,AR,4,5,4
765141FD,3/21/1952,18:45:00,AR,3,96,3
433C6034,3/21/1952,18:45:00,AR,3,5,1
4F00451B,3/21/1952,19:00:00,AR,3,57,1
36425D81,3/21/1952,20:00:00,MO,4,100,17
D08AD91C,3/21/1952,20:30:00,TN,3,30,10
D0356DF5,3/21/1952,20:30:00,TN,4,5,4
EF111778,3/21/1952,20:30:00,MS,0,1,0
E65A423E,3/21/1952,22:00:00,MS,4,74,16
1BF4B354,3/21/1952,22:45:00,TN,2,2,2
A415F01D,3/21/1952,22:50:00,TN,3,3,0
7CC528A1,3/21/1952,23:00:00,TN,2,8,1
7722BC51,3/21/1952,23:17:00,TN,3,19,0
B44B65A0,3/21/1952,23:30:00,TN,4,157,38
5D7EF11D,3/21/1952,23:55:00,TN,2,0,0
FD6964FC,3/22/1952,0:05:00,KY,3,18,0
C2A156FB,3/22/1952,0:20:00,TN,2,10,3
39D56A6E,3/22/1952,11:15:00,TN,1,1,0
2E2422A1,3/22/1952,15:00:00,AL,4,50,4
82FFD6C6,4/3/1952,18:00:00,TX,2,1,0
B7D06C76,4/3/1952,23:00:00,LA,1,0,0
ECEDC6BB,4/4/1952,2:00:00,LA,3,10,0
C1018481,4/4/1952,3:30:00,LA,2,33,4
20C1F107,4/4/1952,3:30:00,LA,2,3,0
AAF8B7C1,4/4/1952,6:20:00,AL,1,2,0
925079EB,4/4/1952,9:20:00,FL,1,1,0
CA2F5C37,4/5/1952,0:45:00,NC,2,0,0
A0B1A99C,4/5/1952,9:15:00,VA,2,2,0
693E3257,4/5/1952,10:00:00,VA,2,0,0
6892C242,4/5/1952,12:00:00,MD,1,0,0
57CE7953,4/5/1952,12:15:00,PA,3,4,0
5F436389,4/5/1952,13:00:00,PA,0,6,0
E47A40BA,4/5/1952,14:00:00,MD,1,1,0
9A712F5B,4/5/1952,15:00:00,MD,0,0,0
B0C6CEE9,4/5/1952,15:30:00,PA,1,0,0
896AAA6F,4/5/1952,16:10:00,NJ,1,0,0
15BD33C9,4/8/1952,13:30:00,KS,1,0,0
A4DD82D9,4/8/1952,16:45:00,OK,0,0,0
AB52569E,4/13/1952,13:10:00,OH,1,4,0
7893BB4E,4/18/1952,14:15:00,TX,1,0,0
66111582,4/20/1952,15:30:00,OK,1,0,0
5AF664D4,4/20/1952,16:00:00,OK,0,0,0
EA8E4A24,4/20/1952,16:00:00,OK,0,0,0
0F53E19C,4/20/1952,16:00:00,OK,0,0,0
8657C823,4/21/1952,12:15:00,TX,4,0,0
8D52E4F7,4/21/1952,16:05:00,OK,0,0,0
5F8CA7E0,4/22/1952,17:30:00,KS,0,0,0
C8DA9EDC,4/22/1952,18:30:00,AR,1,0,0
205E7421,4/22/1952,19:15:00,AR,1,0,0
DD4BCE36,4/23/1952,9:15:00,LA,0,0,0
BFA00A81,4/29/1952,13:30:00,KS,0,0,0
A46DA746,4/29/1952,16:00:00,NE,1,0,0
34804789,4/30/1952,15:45:00,OK,2,0,0
F02CC8BE,4/30/1952,18:30:00,TX,3,6,0
5EDBCEA5,4/30/1952,19:14:00,KS,0,0,0
3579ABB0,4/30/1952,20:50:00,KS,0,0,0
487283B4,5/6/1952,13:00:00,NY,2,0,0
09774B8F,5/7/1952,16:00:00,MO,1,0,0
030289EE,5/8/1952,12:30:00,WY,1,0,0
E801F2BE,5/8/1952,14:30:00,CO,2,1,0
C513DBD4,5/8/1952,16:00:00,NE,1,0,0
0EA1610A,5/9/1952,18:45:00,IN,1,0,0
D05CD0F7,5/10/1952,9:00:00,AL,1,0,0
F878C5F1,5/10/1952,9:00:00,AL,1,0,0
02592423,5/10/1952,9:00:00,AL,1,0,0
19FA37F6,5/10/1952,11:00:00,NC,2,6,0
67324ED5,5/10/1952,14:00:00,SC,3,4,2
B54AA99D,5/11/1952,6:20:00,GA,3,10,0
89B14F8A,5/13/1952,21:00:00,NE,1,0,0
0D9E8572,5/15/1952,15:15:00,CO,3,5,0
A5DF2AF1,5/19/1952,9:00:00,LA,0,0,0
5FA669F6,5/20/1952,11:00:00,NC,2,2,0
087ABF24,5/21/1952,18:00:00,KS,0,0,0
0AA6B973,5/21/1952,19:30:00,KS,2,0,0
48BFBE4E,5/22/1952,17:10:00,KS,4,3,0
684BF215,5/22/1952,19:00:00,MO,2,1,0
4563DF18,5/22/1952,23:30:00,OK,1,0,0
4BF8FF47,5/23/1952,4:00:00,OK,1,0,0
CE6C9CCE,5/23/1952,4:30:00,OK,1,0,0
D46BFA80,5/23/1952,4:45:00,OK,2,1,0
2CD11744,5/23/1952,5:00:00,OK,2,0,0
A76911BD,5/23/1952,11:40:00,TX,0,1,0
9C00E98C,5/23/1952,13:00:00,IA,2,0,0
4DE280C2,5/23/1952,13:30:00,FL,0,1,0
B1A207E6,5/23/1952,14:30:00,TX,1,1,0
E30FDBE2,5/23/1952,15:00:00,IA,1,0,0
5A64FDB0,5/24/1952,15:05:00,OH,1,0,0
C15612F0,5/24/1952,17:50:00,IL,1,0,0
D0F018DD,5/26/1952,18:00:00,NE,0,0,0
2004ED63,5/30/1952,11:00:00,FL,2,0,0
EAD75F03,6/1/1952,0:49:00,OK,1,0,0
7405E9E9,6/2/1952,18:30:00,IA,2,1,0
80A05862,6/4/1952,15:30:00,OK,1,0,0
D6E3BB72,6/4/1952,15:35:00,AR,2,0,0
1E2E0820,6/5/1952,12:30:00,TX,1,0,0
2A50D43E,6/10/1952,17:00:00,ND,3,0,0
B1E2A8CF,6/10/1952,19:00:00,ND,2,0,0
45C6B464,6/12/1952,19:00:00,SC,1,0,0
8F89FBBF,6/13/1952,12:00:00,FL,1,0,0
4F3EF05C,6/15/1952,0:50:00,OK,1,0,0
D9F8406C,6/15/1952,16:00:00,ND,3,1,0
BAA221F7,6/15/1952,19:02:00,NE,1,0,0
A0772D55,6/18/1952,14:30:00,AR,0,0,0
0C983794,6/19/1952,19:10:00,KS,2,0,0
A4DB75FE,6/20/1952,15:00:00,ND,0,0,0
D828DA69,6/21/1952,15:50:00,OK,1,0,0
99B2B7E7,6/21/1952,19:00:00,KS,2,0,0
EA51D77C,6/23/1952,16:30:00,MN,2,0,0
8EA2E122,6/23/1952,18:30:00,IA,4,4,0
CEA4C5BC,6/23/1952,18:55:00,SD,0,0,0
6111632A,6/23/1952,20:30:00,MN,2,10,0
DB5C5D2D,6/23/1952,21:30:00,WI,3,6,2
21B9C795,6/24/1952,10:00:00,SD,0,0,0
856D2DB5,6/24/1952,18:30:00,MN,2,15,0
0A407AB0,6/26/1952,17:15:00,KS,2,0,0
951CB034,6/26/1952,17:30:00,CO,2,0,0
8147DCE1,6/26/1952,20:00:00,NE,2,0,0
DCE4E169,6/27/1952,14:30:00,KS,2,0,0
C55AF4AB,6/27/1952,23:00:00,SD,1,0,0
AE19DC4D,6/28/1952,19:10:00,SD,0,0,0
B8624F28,6/28/1952,22:10:00,SD,1,0,0
842A2829,6/29/1952,11:00:00,FL,1,0,0
538CE7DB,6/29/1952,16:30:00,OK,2,1,0
47A9AC52,6/30/1952,18:05:00,TN,1,0,0
FFE0274E,7/1/1952,14:00:00,ND,3,0,0
58E28248,7/1/1952,17:30:00,ND,2,0,0
373F524A,7/1/1952,18:00:00,ND,4,26,1
F5A61432,7/2/1952,16:00:00,MN,1,0,0
CDEBF693,7/2/1952,17:50:00,IA,1,0,0
EACC3E53,7/6/1952,15:00:00,KS,1,0,0
4A863032,7/6/1952,16:30:00,KS,0,0,0
2E756BF1,7/6/1952,17:00:00,KS,2,0,0
0BACD563,7/7/1952,13:30:00,OK,1,0,0
87FFD905,7/9/1952,15:00:00,ND,2,0,0
43CAE185,7/12/1952,16:00:00,NE,1,0,0
CCEF7A18,7/13/1952,13:00:00,OK,1,0,0
3EA0B15E,7/13/1952,15:00:00,OK,1,0,0
2A0B313E,7/16/1952,14:18:00,AR,2,0,0
F5ECE229,7/16/1952,16:05:00,AR,2,0,0
14E94E79,7/16/1952,17:30:00,OK,1,0,0
CC81ECEE,7/16/1952,19:00:00,MN,2,0,0
B75089A8,7/17/1952,16:15:00,MO,1,0,0
C652CDDB,7/17/1952,17:00:00,IL,1,0,0
3A71EBBB,7/19/1952,5:45:00,PA,2,0,0
C1D24C54,7/19/1952,17:30:00,MT,3,0,0
4F535BD9,7/19/1952,18:30:00,MT,3,2,1
E8A5B94F,7/23/1952,11:00:00,NC,2,0,0
A309C2C2,7/23/1952,12:30:00,PA,2,4,0
AC6535A1,7/24/1952,19:00:00,ND,2,0,0
C3DCFAE7,7/27/1952,18:25:00,MN,2,4,0
6D30D711,7/29/1952,16:00:00,MS,1,0,0
F75EFD47,8/3/1952,15:45:00,MS,2,0,0
2C833DBA,8/7/1952,18:00:00,KS,3,0,0
F4230520,8/7/1952,22:00:00,KS,1,0,0
141F6EBE,8/10/1952,9:04:00,NJ,1,0,0
A3589751,8/12/1952,16:15:00,TX,1,0,0
D88107C2,8/13/1952,17:30:00,NE,3,1,0
7A59A771,8/13/1952,19:00:00,NE,4,20,0
251322B6,8/14/1952,21:30:00,KS,2,0,0
917A4AA4,8/15/1952,16:30:00,OK,2,0,0
EFE3747E,8/16/1952,14:45:00,FL,1,0,0
FF5BAF17,8/16/1952,18:15:00,PA,1,0,0
3FCC87E0,8/21/1952,0:20:00,MO,2,13,1
C5EB4905,8/27/1952,15:25:00,MN,1,0,0
246B1DB9,8/31/1952,11:00:00,NC,1,0,0
93526CEF,8/31/1952,21:30:00,VA,1,0,0
37E00B0D,8/31/1952,22:00:00,MD,1,0,0
FCA9C68A,9/17/1952,11:30:00,NC,3,0,0
70A128D6,11/14/1952,21:00:00,AZ,0,0,0
9D8766C3,11/16/1952,16:00:00,MO,3,2,0
92B1285F,11/17/1952,0:01:00,KS,1,0,0
95B554A0,11/17/1952,13:20:00,IA,0,0,0
8CBF6228,11/17/1952,16:30:00,AR,2,2,0
50C9DBC6,11/19/1952,22:37:00,NC,2,1,0
2C2DF0AE,12/3/1952,18:15:00,TX,2,4,0
E93A0BBA,12/9/1952,15:00:00,KY,3,3,0
140DACE0,12/20/1952,14:00:00,CA,0,0,0
1512150C,1/7/1953,20:15:00,AR,2,2,0
DC04E0A7,1/8/1953,6:30:00,AL,1,0,0
950685D2,1/8/1953,7:10:00,AL,2,0,0
D60EC16A,1/8/1953,16:15:00,SC,2,2,0
024C892B,1/9/1953,2:30:00,FL,1,0,0
B24F0817,1/9/1953,6:00:00,FL,2,12,0
73D6AAED,1/9/1953,6:15:00,FL,1,0,0
20163B88,1/20/1953,15:00:00,AL,3,0,0
5B76CDFC,1/20/1953,16:30:00,AL,1,1,0
87E87EF8,1/20/1953,17:41:00,TN,2,0,0
B63D481A,1/20/1953,19:00:00,GA,1,1,0
0521F956,1/20/1953,20:30:00,GA,1,1,0
F4785BB6,1/22/1953,23:00:00,MS,2,1,0
2BF12C73,1/23/1953,5:00:00,AL,3,1,0
04367D2F,2/6/1953,13:00:00,LA,3,21,2
CB10C928,2/19/1953,15:00:00,TX,1,0,0
90611F87,2/19/1953,17:30:00,TX,1,0,0
6D2FDD92,2/19/1953,19:40:00,OK,1,0,0
A5ACF546,2/19/1953,21:00:00,OK,1,0,0
AD9068A7,2/19/1953,21:15:00,OK,1,0,0
90F7DDF0,2/19/1953,21:45:00,OK,1,0,0
9B51ACA2,2/20/1953,10:15:00,AR,1,0,0
6F7BF256,2/20/1953,11:00:00,MS,2,2,0
185CD314,2/20/1953,12:00:00,MS,1,0,0
C3C264D8,2/20/1953,12:00:00,MS,2,1,0
E13FB599,2/20/1953,15:00:00,MS,1,0,0
99B8277A,2/20/1953,16:10:00,AL,3,8,1
53AADF9A,2/20/1953,16:30:00,AL,2,2,0
B3F18E55,2/20/1953,16:45:00,AL,2,1,0
07051E2C,2/20/1953,19:00:00,AL,2,6,0
B3496230,3/12/1953,16:30:00,TX,2,2,0
5ED83016,3/13/1953,14:00:00,TX,4,25,17
ABDB133A,3/13/1953,17:15:00,OK,2,1,0
BEFF6C0B,3/13/1953,18:19:00,OK,3,8,1
9E1F06F5,3/13/1953,18:45:00,OK,2,2,0
5EBA6F82,3/13/1953,19:30:00,OK,2,0,0
7BEB2DBA,3/13/1953,19:30:00,OK,3,11,2
9F532B06,3/13/1953,22:00:00,OK,2,0,0
DE895A74,3/14/1953,0:30:00,AR,3,0,0
9627E073,3/14/1953,0:30:00,AR,2,0,0
30380B7C,3/14/1953,1:30:00,AR,3,7,0
4DDEE3DB,3/14/1953,14:30:00,MS,2,0,1
8F819BD0,3/14/1953,17:00:00,MO,1,1,0
58933AF3,3/14/1953,17:45:00,TN,2,8,0
19211066,3/14/1953,18:00:00,TN,2,2,0
322662FC,3/14/1953,18:30:00,TN,1,0,0
FCEAF0F2,3/14/1953,19:00:00,TN,1,0,0
C7D4DC9D,3/14/1953,19:30:00,TN,3,3,0
EEA3E936,3/14/1953,20:15:00,IL,2,0,0
35F04D67,3/14/1953,21:15:00,TN,2,1,0
3C161E18,3/14/1953,22:00:00,IN,0,0,0
777B45BB,3/14/1953,22:00:00,IN,1,0,0
61516E2C,3/15/1953,20:00:00,NC,3,1,0
BA9009FC,3/18/1953,14:22:00,AL,2,2,0
1A1212F4,3/18/1953,18:35:00,IN,2,0,0
413CE7CB,3/18/1953,19:00:00,IN,1,0,0
1F0C547F,3/21/1953,12:45:00,IA,1,2,0
EE15F56E,3/21/1953,13:00:00,IA,1,0,0
5E93439B,3/21/1953,14:00:00,MS,1,0,0
AF65451D,3/21/1953,15:00:00,IA,3,0,0
2CFBB1BE,3/21/1953,16:43:00,MN,2,3,1
18DFEA3F,3/21/1953,17:00:00,IA,2,0,0
B17BD45B,3/22/1953,15:00:00,LA,2,22,2
63575DBE,3/22/1953,15:00:00,MS,1,1,0
7B5B4EDA,3/22/1953,15:15:00,TN,2,0,0
514416A9,3/22/1953,19:00:00,AL,2,0,0
684E92A3,3/29/1953,19:25:00,OK,1,0,0
C77F6F1F,3/30/1953,14:30:00,KS,0,0,0
C313C95C,3/31/1953,16:00:00,MO,1,0,0
40502326,3/31/1953,16:30:00,MO,1,0,0
2016C0E3,4/2/1953,21:58:00,OK,0,0,0
2D4E02C0,4/4/1953,15:03:00,MS,2,0,0
104486C1,4/6/1953,11:00:00,FL,2,0,0
47D6A90A,4/6/1953,15:45:00,AL,3,12,0
4F8EB020,4/9/1953,16:00:00,KS,1,0,0
31164BCC,4/9/1953,16:15:00,IL,2,3,0
D8297680,4/9/1953,17:15:00,IL,3,22,3
6744F929,4/12/1953,3:40:00,AL,1,0,0
EC8F2B23,4/12/1953,7:00:00,FL,2,0,0
DEE9D5D2,4/13/1953,7:45:00,FL,1,1,0
1C06A56E,4/14/1953,14:30:00,MS,1,0,0
B1FB31A3,4/14/1953,18:50:00,OK,2,0,0
D711B059,4/14/1953,23:00:00,OK,2,0,0
9CCB83D3,4/15/1953,17:00:00,OH,1,0,0
E6039E04,4/15/1953,18:30:00,TN,1,8,0
0720A58F,4/15/1953,18:45:00,TN,1,1,0
FB4F7CDA,4/15/1953,18:45:00,TN,1,2,0
4FD3DE33,4/15/1953,19:00:00,TN,1,1,0
60209E41,4/16/1953,11:00:00,NC,2,0,0
002E9292,4/18/1953,17:00:00,AL,3,495,8
03C766C5,4/18/1953,17:30:00,GA,2,1,0
8B20B14F,4/18/1953,17:45:00,GA,2,2,0
E0AF9789,4/23/1953,15:31:00,OK,2,4,1
B8AB27E9,4/23/1953,19:00:00,AR,3,0,0
0334878E,4/23/1953,20:00:00,OK,2,1,0
D8A9FC4D,4/23/1953,20:10:00,OK,1,0,0
8AFB01B0,4/23/1953,20:30:00,OK,2,14,1
26CEDBE3,4/24/1953,4:00:00,AR,2,0,0
B5BFB684,4/24/1953,14:00:00,MS,2,0,0
55562FAA,4/24/1953,17:00:00,IA,1,0,0
8E047E35,4/27/1953,15:15:00,CA,2,0,0
3A0E13B4,4/28/1953,15:00:00,OK,0,0,0
D7F5D3D2,4/28/1953,16:15:00,OK,1,0,0
EAE7BA9A,4/28/1953,16:30:00,NE,0,0,0
9E8549F9,4/28/1953,18:15:00,TX,3,3,0
D9C11993,4/28/1953,19:00:00,NE,1,0,0
994CE1AF,4/28/1953,20:45:00,TX,3,5,1
6B9DEB5F,4/28/1953,21:00:00,TX,4,15,2
049A8037,4/29/1953,12:30:00,LA,2,0,0
2B6462A7,4/30/1953,14:00:00,GA,2,3,0
5F41F0E9,4/30/1953,16:00:00,GA,1,5,0
B4A31C2D,4/30/1953,16:13:00,GA,4,300,18
78C72D04,4/30/1953,16:30:00,GA,2,3,1
3D2B260D,4/30/1953,16:30:00,GA,3,2,1
E559D970,4/30/1953,17:40:00,GA,2,0,0
C5A23267,4/30/1953,17:45:00,VA,0,0,0
17362FBA,4/30/1953,18:00:00,NC,1,0,0
4EDE4385,5/1/1953,17:15:00,AL,2,2,0
458EC603,5/1/1953,19:30:00,AL,4,12,7
6D1D6D4D,5/1/1953,20:00:00,AL,1,0,0
E365EC66,5/1/1953,20:00:00,AL,4,3,2
78417938,5/2/1953,2:15:00,TN,2,0,0
9BF48E61,5/2/1953,3:00:00,TN,4,8,4
C26083E3,5/2/1953,15:00:00,LA,1,0,0
B1A7D0E6,5/2/1953,18:45:00,VA,2,0,0
5978EA09,5/4/1953,10:30:00,MS,2,1,0
C79DE155,5/4/1953,11:15:00,MS,2,0,0
272813EE,5/4/1953,12:00:00,MS,1,0,0
CF1DA4A8,5/4/1953,15:00:00,MS,2,2,0
D728F6B4,5/4/1953,18:30:00,AL,1,2,0
420C4008,5/4/1953,19:00:00,AL,0,0,0
F458600D,5/9/1953,18:05:00,SD,1,0,0
6C1EACB2,5/9/1953,19:00:00,SD,1,0,0
A14A5FEE,5/9/1953,21:00:00,NE,1,0,0
25B4C873,5/9/1953,21:10:00,KS,3,0,0
465D5EE2,5/9/1953,21:45:00,NE,3,82,5
A02E9D65,5/9/1953,23:00:00,NE,2,0,0
68ECC099,5/10/1953,1:00:00,OK,1,0,0
4363CE1B,5/10/1953,1:10:00,NE,1,0,0
970E18CD,5/10/1953,1:15:00,OK,1,0,0
D9F05DFF,5/10/1953,1:15:00,OK,1,0,0
3661528D,5/10/1953,1:20:00,OK,1,0,0
95894794,5/10/1953,2:00:00,KS,1,0,0
F42D569A,5/10/1953,3:00:00,OK,2,0,0
B0BE99B8,5/10/1953,4:00:00,KS,3,0,0
46880624,5/10/1953,4:30:00,KS,1,0,0
77B806B3,5/10/1953,5:30:00,KS,1,0,0
AAE1A09C,5/10/1953,6:00:00,NE,1,0,0
58D42363,5/10/1953,12:10:00,AR,2,0,0
3338E697,5/10/1953,13:30:00,NE,0,0,0
C7E1C342,5/10/1953,14:00:00,MO,1,0,0
31BE8C82,5/10/1953,15:15:00,IA,4,0,0
6E2E27F7,5/10/1953,15:55:00,MN,2,0,0
F003D344,5/10/1953,16:10:00,IA,4,3,0
7E19F703,5/10/1953,16:30:00,IA,2,0,0
F4395BFD,5/10/1953,17:00:00,MN,2,3,6
65922F04,5/10/1953,17:30:00,IA,4,24,2
51C084B0,5/10/1953,18:00:00,IA,3,0,0
56E986B0,5/10/1953,18:30:00,WI,2,27,4
63A2EB67,5/11/1953,14:15:00,TX,4,159,13
B661F102,5/11/1953,15:00:00,OK,1,0,0
6CA8E26B,5/11/1953,16:10:00,TX,5,597,114
E37D3C56,5/11/1953,16:30:00,OK,1,0,0
5B00EFD5,5/11/1953,18:30:00,TX,2,0,0
BB26F642,5/14/1953,12:00:00,TN,1,0,0
11F7AAEF,5/14/1953,13:30:00,MS,2,1,0
B23913F0,5/16/1953,3:30:00,LA,2,3,0
746086D2,5/16/1953,14:30:00,TX,3,8,1
5A000ADB,5/16/1953,15:30:00,KS,1,0,0
1B456955,5/16/1953,18:00:00,LA,0,0,0
497A5286,5/16/1953,18:30:00,LA,2,0,0
677C1379,5/16/1953,20:00:00,LA,2,2,0
C15A812C,5/17/1953,13:30:00,VA,1,0,0
FF1DBC6F,5/17/1953,13:30:00,LA,3,17,0
5D927497,5/17/1953,14:35:00,NE,0,0,0
EACE6CB2,5/17/1953,15:00:00,MI,2,0,0
E8A14466,5/17/1953,16:30:00,VA,2,0,0
5F86EC97,5/18/1953,12:00:00,LA,2,1,0
0244E557,5/18/1953,13:30:00,LA,1,0,0
D96D5DF2,5/18/1953,15:00:00,TX,0,0,0
0FCBBB6C,5/18/1953,20:30:00,OK,1,0,0
E075D26A,5/19/1953,15:30:00,CA,2,0,0
97518A62,5/19/1953,18:30:00,FL,0,0,0
9145730C,5/20/1953,21:00:00,IA,3,0,1
2BF67992,5/20/1953,22:10:00,IA,3,7,0
99680D53,5/21/1953,15:21:00,MI,4,68,2
D6D61E83,5/23/1953,10:10:00,PA,1,0,0
969118E1,5/24/1953,6:45:00,IA,1,0,0
0A6FC3B9,5/24/1953,17:00:00,MT,3,0,0
E29E8A47,5/26/1953,14:30:00,MD,1,0,0
BB905C99,5/26/1953,23:30:00,NE,1,0,0
8AA509C2,5/27/1953,17:00:00,KS,1,0,0
F6E1E086,5/27/1953,17:00:00,KS,2,0,0
13B25A6F,5/27/1953,19:53:00,KS,1,0,0
EC4AF881,5/28/1953,20:00:00,WY,2,0,0
6D6C0E62,5/28/1953,20:00:00,SD,0,0,0
DC853C62,5/28/1953,20:40:00,KS,1,0,0
067DD7D2,5/29/1953,14:00:00,WY,1,0,0
F8FF6B57,5/29/1953,15:00:00,KS,2,0,0
F22C09F3,5/29/1953,15:45:00,SD,2,2,0
2D845B6D,5/29/1953,17:00:00,ND,5,20,2
D6941F1B,5/29/1953,18:00:00,ND,2,0,0
FD768CB4,5/29/1953,21:00:00,SD,1,0,0
696E5A03,5/29/1953,21:30:00,SD,2,0,0
56FB9B21,5/29/1953,21:30:00,NE,1,0,0
62C0D318,5/29/1953,23:00:00,ND,2,0,0
2C71FD1A,5/30/1953,15:00:00,ND,0,0,0
632585B0,5/30/1953,15:00:00,ND,2,0,0
2B3EC686,5/30/1953,20:00:00,PA,2,0,0
8B4A34DD,5/31/1953,16:30:00,SC,1,0,0
5DA86270,5/31/1953,21:00:00,TX,1,0,0
B56A393A,6/1/1953,15:30:00,SC,1,0,0
774E7829,6/2/1953,16:00:00,NE,2,0,0
04EF8981,6/2/1953,16:40:00,NE,2,0,0
F81E6FE2,6/2/1953,18:00:00,SD,2,0,0
05699832,6/4/1953,15:00:00,FL,1,0,0
EBA74B13,6/5/1953,8:45:00,FL,0,0,0
DDDDD1CB,6/5/1953,10:00:00,UT,0,0,0
79A6C21F,6/5/1953,13:30:00,TX,0,0,0
495ED9AA,6/5/1953,15:05:00,MI,0,0,0
9BD4DF75,6/5/1953,15:30:00,OK,1,0,0
7F14CEC6,6/5/1953,16:00:00,OK,0,0,0
6B9288DF,6/5/1953,16:15:00,OK,0,0,0
FBB23690,6/5/1953,17:00:00,KS,0,0,0
9B72ABD3,6/5/1953,17:00:00,MI,2,0,0
09F6599A,6/5/1953,19:15:00,NE,3,0,0
CBDD0215,6/5/1953,20:20:00,OK,1,0,0
E0972A69,6/5/1953,21:15:00,OK,3,0,0
AA84A077,6/5/1953,21:45:00,OK,2,0,0
6EFA0A72,6/6/1953,14:15:00,ME,1,1,0
D15BC455,6/6/1953,22:00:00,OK,0,0,0
50C3FF1B,6/7/1953,13:00:00,KS,1,0,0
7651980E,6/7/1953,13:00:00,KS,2,0,0
7FBF2D3B,6/7/1953,13:00:00,KS,0,0,0
78BDD8FC,6/7/1953,14:00:00,CO,1,0,0
F51CAC87,6/7/1953,14:00:00,CO,1,0,0
AF299CD0,6/7/1953,14:30:00,NE,2,0,0
8BF709FD,6/7/1953,15:00:00,NE,2,0,0
7763A659,6/7/1953,15:00:00,NE,0,0,0
C06B087D,6/7/1953,15:00:00,NE,1,2,0
16C1F981,6/7/1953,15:15:00,NE,4,0,11
CDE17A4C,6/7/1953,16:00:00,CO,0,0,0
0859AB87,6/7/1953,16:00:00,CO,0,0,0
BD7E4220,6/7/1953,16:00:00,CO,0,0,0
B6111B3D,6/7/1953,16:00:00,NE,2,1,0
0855D03F,6/7/1953,16:00:00,NE,2,2,0
870009B0,6/7/1953,16:15:00,NE,3,1,0
F94BB30F,6/7/1953,16:30:00,NE,0,0,0
9CD44547,6/7/1953,17:00:00,NE,1,0,0
3D920C7E,6/7/1953,17:00:00,NE,2,0,0
F228DEB3,6/7/1953,17:00:00,NE,2,6,0
69EAFD9B,6/7/1953,17:10:00,NE,1,0,0
E82913CE,6/7/1953,17:40:00,NE,0,1,0
534A64F4,6/7/1953,17:45:00,SD,0,0,0
41B77049,6/7/1953,18:15:00,IA,2,0,0
34877972,6/7/1953,18:45:00,NE,2,1,0
50E4CCB2,6/7/1953,19:00:00,MT,0,0,0
CDB31BDE,6/7/1953,19:00:00,MN,1,0,0
F00A262F,6/7/1953,19:00:00,NE,0,5,0
1DA0F383,6/7/1953,19:30:00,IA,2,0,0
2D93833D,6/7/1953,21:00:00,IA,2,0,0
887EA570,6/7/1953,21:15:00,IA,3,0,0
37B95402,6/7/1953,21:15:00,IA,2,0,0
4035BD82,6/7/1953,21:30:00,IA,1,0,0
A7490A54,6/7/1953,22:45:00,KS,0,0,0
7A0A1EEA,6/8/1953,16:00:00,NE,0,0,0
4D74D504,6/8/1953,16:00:00,NE,0,0,0
61B00A36,6/8/1953,16:00:00,NE,1,0,0
DBADB808,6/8/1953,17:15:00,MI,4,18,4
1A321410,6/8/1953,18:00:00,OH,4,379,17
4D0A7558,6/8/1953,18:30:00,MI,3,5,1
59B09C7E,6/8/1953,18:30:00,MI,3,11,0
C9F0F64E,6/8/1953,18:40:00,MI,2,13,4
FB89980F,6/8/1953,19:08:00,MI,3,0,0
A7DF2DBA,6/8/1953,19:30:00,MI,5,844,116
0E10C742,6/8/1953,21:00:00,MI,0,0,0
338BA5C9,6/8/1953,21:30:00,MI,4,23,0
82EDA8FA,6/9/1953,14:25:00,MA,4,1228,94
A2652C86,6/9/1953,15:20:00,NH,3,5,0
74B5BB30,6/9/1953,15:30:00,MA,3,17,0
0CFC5231,6/9/1953,16:00:00,NH,1,0,0
6EAEE7E2,6/10/1953,14:00:00,VA,1,0,0
D558B183,6/11/1953,16:00:00,WY,1,0,0
E60F243B,6/12/1953,18:00:00,WY,2,0,0
B5E73215,6/13/1953,11:45:00,OH,2,0,0
0BCBA006,6/13/1953,14:40:00,VA,1,0,0
B6CDB854,6/13/1953,16:20:00,ND,2,0,0
CC5B1880,6/13/1953,17:00:00,ND,0,0,0
F343FB84,6/13/1953,21:00:00,IN,1,0,0
8CF41C3D,6/14/1953,16:00:00,SD,2,0,0
E65871EB,6/15/1953,16:00:00,SD,2,0,0
6509590C,6/17/1953,14:30:00,CO,2,0,0
918385FD,6/18/1953,3:00:00,FL,1,0,0
F4534C4E,6/18/1953,23:45:00,SD,1,0,0
56DA8FBF,6/19/1953,12:00:00,OK,1,0,0
DAD7DCE5,6/19/1953,13:35:00,KS,2,0,0
A7D73B86,6/19/1953,15:00:00,KS,2,0,0
6655BF3C,6/19/1953,15:00:00,NE,1,0,0
